mes,pedidos,dias_promedio_entrega,porcentaje_tarde
2017-01,750,12.6,2.93
2017-02,1653,13.2,2.96
2017-03,2546,13.0,4.56
2017-04,2303,14.9,6.56
2017-05,3545,11.3,2.99
2017-06,3135,12.0,3.03
2017-07,3872,11.6,2.79
2017-08,4193,11.1,2.91
2017-09,4150,11.9,4.39
2017-10,4478,11.9,4.18
2017-11,7288,15.2,12.4
2017-12,5513,15.4,7.46
2018-01,7069,14.1,5.7
2018-02,6555,16.9,14.13
2018-03,7003,16.3,18.96
2018-04,6798,11.5,4.5
2018-05,6749,11.4,6.56
2018-06,6096,9.2,1.16
2018-07,6156,9.0,3.38
2018-08,6351,7.7,6.19
