mes,facturacion_sin_envio,total_pedidos,ticket_promedio
2017-01,111798.36,750,149.06
2017-02,234223.4,1653,141.7
2017-03,359198.85,2546,141.08
2017-04,340669.68,2303,147.92
2017-05,489338.25,3546,138.0
2017-06,421923.37,3135,134.58
2017-07,481604.52,3872,124.38
2017-08,554699.7,4193,132.29
2017-09,607399.67,4150,146.36
2017-10,648247.65,4478,144.76
2017-11,987765.37,7289,135.51
2017-12,726033.19,5513,131.69
2018-01,924645.0,7069,130.8
2018-02,826437.13,6555,126.08
2018-03,953356.25,7003,136.14
2018-04,973534.09,6798,143.21
2018-05,977544.69,6749,144.84
2018-06,856077.86,6099,140.36
2018-07,867953.46,6159,140.92
2018-08,838576.64,6351,132.04
