categoria,facturacion_sin_envio,total_pedidos,facturacion_por_pedido,porcentaje_del_total
health_beauty,1229557.5,8610,142.81,9.33
watches_gifts,1163465.91,5491,211.89,8.83
bed_bath_table,1022955.77,9267,110.39,7.76
sports_leisure,952840.4,7513,126.83,7.23
computers_accessories,888055.59,6518,136.25,6.74
furniture_decor,706237.17,6258,112.85,5.36
housewares,614341.62,5734,107.14,4.66
cool_stuff,609158.0,3552,171.5,4.62
auto,577838.39,3802,151.98,4.38
garden_tools,469135.4,3443,136.26,3.56
